{"cameraMode":{"drawMode":0,"name":"Shaded","section":"Shading Mode"},"sceneLighting":true,"audioPlay":false,"sceneViewState":{"m_AlwaysRefresh":false,"showFog":true,"showSkybox":true,"showFlares":true,"showImageEffects":true,"showParticleSystems":true,"showVisualEffectGraphs":true,"m_FxEnabled":true},"in2DMode":false,"pivot":{"x":-15.365531921386719,"y":15.971943855285645,"z":199.15309143066407},"rotation":{"x":0.03614234924316406,"y":-0.9620795249938965,"z":0.21867819130420686,"w":0.1590098887681961},"size":4.051163673400879,"orthographic":false}